Orders,Sales,Profit,Units,Month
47,11275.2,3573.01,138,2023-01
52,16943.67,5980.06,224,2023-02
51,16056.45,5718.77,186,2023-03
48,12185.0,3994.25,148,2023-04
40,8218.470000000001,2591.86,134,2023-05
59,16191.609999999999,5240.34,232,2023-06
59,15667.73,5195.97,190,2023-07
69,12971.07,4216.32,258,2023-08
58,11989.72,3577.0,201,2023-09
63,17794.6,5573.05,219,2023-10
46,8475.49,2469.77,145,2023-11
78,16674.44,5023.34,265,2023-12
48,8015.21,2490.14,154,2024-01
36,11979.6,4131.26,113,2024-02
44,10550.11,3583.31,175,2024-03
68,15615.06,4900.650000000001,250,2024-04
63,16594.2,5909.3,237,2024-05
44,9435.15,3051.8399999999997,131,2024-06
50,14937.53,5137.37,168,2024-07
53,9883.83,3198.94,174,2024-08
60,9636.38,3094.84,219,2024-09
76,17426.05,5443.33,297,2024-10
58,16413.27,5630.78,236,2024-11
49,14664.34,5044.35,201,2024-12
43,12321.18,4309.77,159,2025-01
40,7337.28,2430.75,114,2025-02
48,7772.33,2489.6,157,2025-03
66,16403.6,5761.61,239,2025-04
71,17621.8,5697.41,262,2025-05
64,18068.09,5477.02,209,2025-06
61,15065.960000000001,4791.49,220,2025-07
40,11302.11,3822.11,157,2025-08
60,14375.949999999999,4722.09,206,2025-09
66,15874.75,5580.52,262,2025-10
58,14781.02,4534.76,212,2025-11
64,14041.09,4485.34,223,2025-12
