Product_Name,Product_Category,Orders,Units,Sales,Profit,Avg_Discount,Profit_Margin_%
Ergonomic Office Chair,Furniture,42,167,45405.15,15104.58,7.857142857142857,33.266226408237834
Standing Desk Converter,Furniture,57,215,46614.22,14694.35,9.912280701754385,31.523320566127676
Corner L-Shaped Desk,Furniture,39,146,41070.48,13663.0,9.23076923076923,33.267203110360526
Mesh Back Task Chair,Furniture,59,213,38179.77,12820.11,8.389830508474576,33.57827980629533
Wireless Bluetooth Headphones,Technology,56,212,28258.7,10611.08,8.303571428571429,37.54978112935131
Mechanical Gaming Keyboard,Technology,58,227,24072.42,8381.19,10.0,34.81656601205862
Filing Cabinet 3-Drawer,Furniture,45,170,23108.01,7041.8,10.11111111111111,30.47341592806997
Portable External SSD 1TB,Technology,55,185,18065.3,6556.75,8.181818181818182,36.29471971126967
Business Casual Blazer,Clothing & Accessories,40,160,14327.72,6004.33,9.625,41.90708640314021
Noise Cancelling Earbuds,Technology,48,138,16119.6,5973.01,8.020833333333334,37.05433137298692
Folding Table Portable,Furniture,57,226,18663.13,5589.03,8.771929824561404,29.946906012014058
Bookshelf 5-Tier,Furniture,55,154,17741.59,5490.57,8.090909090909092,30.947451722196263
Travel Backpack 30L,Clothing & Accessories,54,193,11204.23,4299.8099999999995,10.37037037037037,38.37666666964173
Webcam HD 1080p,Technology,61,211,11637.33,3910.34,7.786885245901639,33.601693859330275
Floating Wall Shelves Set,Furniture,57,193,11767.3,3407.42,7.368421052631579,28.95668505094627
Smart LED Desk Lamp,Technology,62,222,10143.78,3289.21,8.225806451612904,32.42588068747548
Wireless Ergonomic Mouse,Technology,67,238,9995.39,3190.96,7.835820895522388,31.9243171101878
Polarized Sunglasses,Clothing & Accessories,43,174,8454.43,3176.54,9.069767441860465,37.57249158133665
Laptop Stand Adjustable,Technology,50,207,9558.2,3174.2,8.1,33.20918164507961
Cotton Formal Shirt,Clothing & Accessories,54,192,8306.97,3160.35,8.518518518518519,38.04455776293884
Canvas Messenger Bag,Clothing & Accessories,39,144,6545.19,2455.6400000000003,8.205128205128204,37.518238584365015
Leather Wallet Minimalist,Clothing & Accessories,42,153,5811.31,2181.81,5.9523809523809526,37.54420259803727
Monitor Riser Wood,Furniture,47,174,8131.41,2010.94,8.829787234042554,24.73052029106883
Leather Belt Classic,Clothing & Accessories,43,165,5231.35,1836.8,8.720930232558139,35.111395720034025
USB-C Hub Multiport Adapter,Technology,44,152,5605.73,1670.54,9.318181818181818,29.80057905036454
Tablet Stand Holder,Technology,66,225,6061.7699999999995,1511.3700000000001,8.56060606060606,24.93281665256188
Wool Blend Scarf,Clothing & Accessories,31,117,4256.55,1498.41,9.03225806451613,35.202452690559255
Desk Organizer Set,Furniture,49,148,5593.62,1349.77,8.26530612244898,24.130527279293197
Tape Dispenser Heavy Duty,Office Supplies,53,210,3058.89,856.52,9.90566037735849,28.001006901196185
Sports Water Bottle 750ml,Clothing & Accessories,40,169,2930.65,832.21,7.375,28.396772047156777
Silk Tie Collection,Clothing & Accessories,27,84,2307.23,667.04,9.62962962962963,28.910858475314555
Premium Notebook Set A5,Office Supplies,53,166,2536.17,665.31,7.264150943396227,26.232862938998565
Stapler Full-Size,Office Supplies,58,211,2622.15,544.9399999999999,8.620689655172415,20.78218256011288
Desk Calendar 2025,Office Supplies,59,218,2481.21,489.92,8.559322033898304,19.74520496048299
Whiteboard Markers Set 8,Office Supplies,59,177,2090.67,311.95,10.59322033898305,14.921054016176633
Ballpoint Pen Pack 12,Office Supplies,50,170,1760.36,254.45,8.4,14.454429775727693
Binder Clips Assorted 48pc,Office Supplies,58,194,1924.59,214.49,8.620689655172415,11.14471134111681
Sticky Notes Multicolor 6-Pack,Office Supplies,39,125,1072.27,61.9,7.6923076923076925,5.772799761254162
Highlighters Neon Pack 6,Office Supplies,39,118,942.61,-0.37000000000000455,7.564102564102564,-0.039252713211190685
Paper Clips Box 500pc,Office Supplies,45,152,901.89,-79.94999999999999,7.888888888888889,-8.864717426737185
